{"cameraMode":{"drawMode":0,"name":"Shaded","section":"Shading Mode"},"sceneLighting":true,"audioPlay":false,"sceneViewState":{"showFog":true,"showMaterialUpdate":false,"showSkybox":true,"showFlares":true,"showImageEffects":true,"showParticleSystems":true},"in2DMode":false,"pivot":{"x":4.273795127868652,"y":-12.216205596923829,"z":26.32238006591797},"rotation":{"x":-0.2139868289232254,"y":-0.07552405446767807,"z":0.016597231850028039,"w":-0.9737712144851685},"size":33.07710266113281,"orthographic":false}